point_id,method,parameters_json,run_count,terminated_sentence_run_count,termination_failure_count,termination_success_rate,mean_bits_per_word,se_bits_per_word_runs,se_bits_per_word_context_clustered,mean_kl_bits,se_kl_bits_runs,se_kl_bits_context_clustered,mean_nll_nats,mean_carrier_tokens,mean_payload_bits,sentence_over_pilot_cap_256_count,max_carrier_tokens,zero_payload_count,zero_payload_rate,arithmetic_cache_runs_with_encode_trim,arithmetic_cache_total_encode_trim_events,sentence_guard_runs_with_escalation,sentence_guard_max_final_guard_tokens,transport_recovery_exact_prefix_rate,transport_recovery_failure_count
bins_b1,bins,"{""block_size_bits"":1}",240,240,0,1.0,1.0,0.0,0.0,2.2232120104464084,0.02093523674166191,0.026412721072056815,2.248240791894946,30.470833333333335,30.470833333333335,0,183,0,0.0,0,0,0,0,0.9875,3
bins_b2,bins,"{""block_size_bits"":2}",240,240,0,1.0,2.0,0.0,0.0,2.5782982879432828,0.029776220675531907,0.033025804815353055,3.1850975524332177,34.795833333333334,69.59166666666667,0,126,0,0.0,0,0,0,0,0.9833333333333333,4
bins_b3,bins,"{""block_size_bits"":3}",240,240,0,1.0,3.0,0.0,0.0,2.8863735957109724,0.035710540794314106,0.039196045983947554,4.07236819833778,39.9625,119.8875,0,175,0,0.0,0,0,0,0,0.9416666666666667,14
bins_b4,bins,"{""block_size_bits"":4}",240,240,0,1.0,4.0,0.0,0.0,3.151110854481088,0.04195480445405441,0.04622011156363142,4.889412393198383,53.1,212.4,4,459,0,0.0,0,0,0,0,0.9625,9
bins_b5,bins,"{""block_size_bits"":5}",240,240,0,1.0,5.0,0.0,0.0,3.2926537954726944,0.03001189746535292,0.03222751790864332,5.750656417335507,46.15833333333333,230.79166666666666,0,254,0,0.0,0,0,0,0,0.9166666666666666,20
huffman_e1,huffman,"{""candidate_pool_exponent"":1}",240,240,0,1.0,1.0,0.0,0.0,1.924779885443718,0.023510774634319772,0.028949846509868045,2.0867039718632214,26.283333333333335,26.283333333333335,0,79,0,0.0,0,0,0,0,0.9875,3
huffman_e2,huffman,"{""candidate_pool_exponent"":2}",240,240,0,1.0,1.8007359872872242,0.011978176352899854,0.00970351356843591,1.5675077625564389,0.03343883170684448,0.039175268284082215,2.4571046262206147,25.645833333333332,45.82083333333333,0,111,0,0.0,0,0,0,0,0.9666666666666667,8
huffman_e3,huffman,"{""candidate_pool_exponent"":3}",240,240,0,1.0,2.3773291795602556,0.01693713110677878,0.01823588187383349,1.209243303634535,0.03194503784247529,0.033738220778433234,2.610582447466085,28.075,67.21666666666667,0,83,0,0.0,0,0,0,0,0.975,6
huffman_e4,huffman,"{""candidate_pool_exponent"":4}",240,240,0,1.0,2.9026928895529807,0.02505158549694445,0.026064299804516976,0.9431618930532213,0.028889279421277093,0.031701090653514445,2.723870454678911,27.304166666666667,78.775,0,92,0,0.0,0,0,0,0,0.9583333333333334,10
huffman_e5,huffman,"{""candidate_pool_exponent"":5}",240,240,0,1.0,3.321864747272609,0.030546357264632985,0.0352114050712997,0.7815648435672554,0.027565610248755923,0.031626496351890215,2.917279618063776,28.3,94.36666666666666,0,112,0,0.0,0,0,0,0,0.9583333333333334,10
huffman_e6,huffman,"{""candidate_pool_exponent"":6}",240,240,0,1.0,3.7106417789827675,0.0399098075442893,0.04238229249743188,0.6496484841417518,0.025866973771172877,0.031397237150924906,3.0875719345376322,27.754166666666666,103.34583333333333,0,129,0,0.0,0,0,0,0,0.9833333333333333,4
huffman_e7,huffman,"{""candidate_pool_exponent"":7}",240,240,0,1.0,4.064795960697089,0.04888656459284199,0.049740501347645065,0.5272174417006288,0.020589128128835916,0.021887170182271317,3.2194455521400545,28.429166666666667,115.05,0,107,0,0.0,0,0,0,0,0.9625,9
huffman_e8,huffman,"{""candidate_pool_exponent"":8}",240,240,0,1.0,4.2936927090278,0.0513503428938581,0.06040957864873398,0.5251057624063337,0.027664686266357506,0.032920927306587126,3.38146039516688,29.354166666666668,129.88333333333333,0,141,0,0.0,0,0,0,0,0.9416666666666667,14
arithmetic_t0.4_k300,arithmetic,"{""precision"":26,""temperature"":0.4,""topk"":300}",240,235,5,0.9791666666666666,1.001233292281423,0.028614564239865258,0.03464407045966949,0.8729720281539689,0.013962834331990089,0.02069966662325951,1.364579818249243,38.56170212765957,28.791489361702126,2,1930,4,0.01702127659574468,7,37445,6,8192,1.0,0
arithmetic_t0.5_k300,arithmetic,"{""precision"":26,""temperature"":0.5,""topk"":300}",240,239,1,0.9958333333333333,1.354230625111742,0.03814663342605819,0.046849033581200995,0.6565216827754736,0.011544374911460984,0.016544165926392556,1.443405766388878,44.82426778242678,37.54393305439331,2,2772,3,0.012552301255230125,3,9564,3,8192,1.0,0
arithmetic_t0.6_k300,arithmetic,"{""precision"":26,""temperature"":0.6,""topk"":300}",240,240,0,1.0,1.779330851076866,0.05025148851877534,0.0550243168193877,0.4786860020736554,0.007789084795011034,0.009669073799475394,1.6310935868759073,47.8375,67.64166666666667,2,2697,3,0.0125,2,3084,2,4096,0.9915611814345991,2
arithmetic_t0.7_k300,arithmetic,"{""precision"":26,""temperature"":0.7,""topk"":300}",240,240,0,1.0,2.266973415549314,0.051154235503123355,0.058156016351927464,0.3251405220855817,0.005290415656286898,0.007401085477494059,1.8561383439240131,34.96666666666667,69.55416666666666,1,1518,2,0.008333333333333333,1,596,1,2048,0.9915966386554622,2
arithmetic_t0.8_k300,arithmetic,"{""precision"":26,""temperature"":0.8,""topk"":300}",240,240,0,1.0,2.7113838377564234,0.05434772565068529,0.06582434958479524,0.19900045439331823,0.003775576515296914,0.005168414684581596,2.079449774165585,28.995833333333334,80.24583333333334,0,107,2,0.008333333333333333,0,0,0,1024,0.9957983193277311,1
arithmetic_t0.9_k300,arithmetic,"{""precision"":26,""temperature"":0.9,""topk"":300}",240,240,0,1.0,3.198813367762472,0.05144742690112091,0.061695358434263645,0.12859486526169714,0.003279908139904273,0.004582671422456657,2.373492396301863,29.233333333333334,94.9875,0,103,2,0.008333333333333333,0,0,0,1024,0.9915966386554622,2
arithmetic_t1.0_k300,arithmetic,"{""precision"":26,""temperature"":1.0,""topk"":300}",240,239,1,0.9958333333333333,3.7520964594587127,0.06342010610597863,0.07962499276328704,0.10084449568109179,0.0029388829429682723,0.00377949716455486,2.73266966862322,31.799163179916317,121.92887029288703,0,89,2,0.008368200836820083,1,7262,1,8192,0.9831223628691983,4
arithmetic_t1.1_k300,arithmetic,"{""precision"":26,""temperature"":1.1,""topk"":300}",240,240,0,1.0,4.166315752370318,0.05941467495516528,0.07930296281379544,0.12637820084864723,0.003125490498529658,0.004248716308008967,3.036792540485681,29.858333333333334,126.79166666666667,0,97,2,0.008333333333333333,0,0,0,1024,0.9831932773109243,4
arithmetic_t1.2_k300,arithmetic,"{""precision"":26,""temperature"":1.2,""topk"":300}",240,240,0,1.0,4.712295695100521,0.057800717984803955,0.0676814200057331,0.20086976933501402,0.002792913205467674,0.003718520091836996,3.48247696596133,31.604166666666668,149.89166666666668,0,118,1,0.004166666666666667,0,0,0,1024,0.9748953974895398,6
arithmetic_t1.0_k50256,arithmetic,"{""precision"":26,""special_point"":""arithmetic_unmodulated"",""temperature"":1.0,""topk"":50256}",240,240,0,1.0,4.651269448471326,0.07863240230441176,0.09202848109477793,0.0006655253377472944,3.8518036431438466e-05,3.852409474129052e-05,3.2869181606383604,33.391666666666666,160.63333333333333,0,118,2,0.008333333333333333,0,0,0,1024,0.9495798319327731,12
